,population,median_income,<1H OCEAN,INLAND,ISLAND,NEAR BAY,NEAR OCEAN,median_house_value
0,322.0,8.3252,0.0,0.0,0.0,1.0,0.0,452600.0
2,496.0,7.2574,0.0,0.0,0.0,1.0,0.0,352100.0
4,565.0,3.8462,0.0,0.0,0.0,1.0,0.0,342200.0
6,1094.0,3.6591,0.0,0.0,0.0,1.0,0.0,299200.0
8,1206.0,2.0804,0.0,0.0,0.0,1.0,0.0,226700.0
10,910.0,3.2031,0.0,0.0,0.0,1.0,0.0,281500.0
12,1098.0,3.075,0.0,0.0,0.0,1.0,0.0,213500.0
14,1212.0,1.9167,0.0,0.0,0.0,1.0,0.0,159200.0
16,793.0,2.775,0.0,0.0,0.0,1.0,0.0,152500.0
18,990.0,1.9911,0.0,0.0,0.0,1.0,0.0,158700.0
20,409.0,1.3578,0.0,0.0,0.0,1.0,0.0,147500.0
22,1015.0,1.725,0.0,0.0,0.0,1.0,0.0,113900.0
24,1006.0,2.6,0.0,0.0,0.0,1.0,0.0,132600.0
26,607.0,2.4597,0.0,0.0,0.0,1.0,0.0,93800.0
28,1131.0,1.6424,0.0,0.0,0.0,1.0,0.0,108900.0
30,863.0,1.9274,0.0,0.0,0.0,1.0,0.0,122300.0
32,1026.0,1.7969,0.0,0.0,0.0,1.0,0.0,110400.0
34,1258.0,2.7303,0.0,0.0,0.0,1.0,0.0,109700.0
36,987.0,1.0972,0.0,0.0,0.0,1.0,0.0,104500.0
38,689.0,3.48,0.0,0.0,0.0,1.0,0.0,191400.0
40,946.0,2.0978,0.0,0.0,0.0,1.0,0.0,155400.0
42,462.0,1.025,0.0,0.0,0.0,1.0,0.0,118800.0
44,660.0,3.0125,0.0,0.0,0.0,1.0,0.0,184400.0
46,616.0,2.026,0.0,0.0,0.0,1.0,0.0,142500.0
48,423.0,0.9506,0.0,0.0,0.0,1.0,0.0,187500.0
50,735.0,0.9218,0.0,0.0,0.0,1.0,0.0,171900.0
52,1959.0,1.1108,0.0,0.0,0.0,1.0,0.0,97500.0
54,701.0,1.6098,0.0,0.0,0.0,1.0,0.0,87500.0
56,622.0,1.5057,0.0,0.0,0.0,1.0,0.0,87500.0
58,1074.0,1.2171,0.0,0.0,0.0,1.0,0.0,80300.0
60,554.0,3.3929,0.0,0.0,0.0,1.0,0.0,75700.0
62,377.0,0.9011,0.0,0.0,0.0,1.0,0.0,86100.0
64,392.0,2.5938,0.0,0.0,0.0,1.0,0.0,73500.0
66,788.0,0.8056,0.0,0.0,0.0,1.0,0.0,84400.0
68,274.0,1.8516,0.0,0.0,0.0,1.0,0.0,85000.0
70,392.0,1.7719,0.0,0.0,0.0,1.0,0.0,82500.0
72,560.0,1.75,0.0,0.0,0.0,1.0,0.0,75000.0
74,290.0,2.483,0.0,0.0,0.0,1.0,0.0,137500.0
76,1236.0,2.4464,0.0,0.0,0.0,1.0,0.0,102100.0
78,1054.0,0.8026,0.0,0.0,0.0,1.0,0.0,112500.0
80,609.0,1.5,0.0,0.0,0.0,1.0,0.0,162500.0
82,200.0,1.5208,0.0,0.0,0.0,1.0,0.0,112500.0
84,467.0,1.8088,0.0,0.0,0.0,1.0,0.0,118800.0
86,582.0,0.977,0.0,0.0,0.0,1.0,0.0,118800.0
88,125.0,0.9722,0.0,0.0,0.0,1.0,0.0,137500.0
90,800.0,2.0938,0.0,0.0,0.0,1.0,0.0,162500.0
92,191.0,0.75,0.0,0.0,0.0,1.0,0.0,162500.0
94,1327.0,1.8477,0.0,0.0,0.0,1.0,0.0,179200.0
96,2048.0,2.8345,0.0,0.0,0.0,1.0,0.0,183800.0
98,2024.0,1.2185,0.0,0.0,0.0,1.0,0.0,170000.0
100,2304.0,2.4912,0.0,0.0,0.0,1.0,0.0,257800.0
102,389.0,3.125,0.0,0.0,0.0,1.0,0.0,237500.0
104,2689.0,2.8406,0.0,0.0,0.0,1.0,0.0,335700.0
106,709.0,3.2727,0.0,0.0,0.0,1.0,0.0,268500.0
108,1444.0,3.9,0.0,0.0,0.0,1.0,0.0,275700.0
110,550.0,5.0917,0.0,0.0,0.0,1.0,0.0,262500.0
112,1749.0,3.0233,0.0,0.0,0.0,1.0,0.0,255000.0
114,675.0,3.4722,0.0,0.0,0.0,1.0,0.0,243100.0
116,2558.0,2.4234,0.0,0.0,0.0,1.0,0.0,218500.0
118,970.0,5.8596,0.0,0.0,0.0,1.0,0.0,327600.0
120,794.0,5.956,0.0,0.0,0.0,1.0,0.0,366100.0
122,1061.0,6.3434,0.0,0.0,0.0,1.0,0.0,373600.0
124,901.0,7.2354,0.0,0.0,0.0,1.0,0.0,391100.0
126,1031.0,7.5,0.0,0.0,0.0,1.0,0.0,295200.0
128,1616.0,7.5544,0.0,0.0,0.0,1.0,0.0,411500.0
130,1140.0,7.0548,0.0,0.0,0.0,1.0,0.0,325900.0
132,1072.0,7.4882,0.0,0.0,0.0,1.0,0.0,319300.0
134,463.0,8.2049,0.0,0.0,0.0,1.0,0.0,335200.0
136,661.0,6.8538,0.0,0.0,0.0,1.0,0.0,368900.0
138,420.0,7.0175,0.0,0.0,0.0,1.0,0.0,366700.0
140,126.0,6.3624,0.0,0.0,0.0,1.0,0.0,483300.0
142,1067.0,6.7851,0.0,0.0,0.0,1.0,0.0,323500.0
144,951.0,3.0812,0.0,0.0,0.0,1.0,0.0,233100.0
146,765.0,6.5217,0.0,0.0,0.0,1.0,0.0,273700.0
148,1073.0,3.0298,0.0,0.0,0.0,1.0,0.0,199600.0
150,756.0,4.072,0.0,0.0,0.0,1.0,0.0,270100.0
152,787.0,3.1603,0.0,0.0,0.0,1.0,0.0,269500.0
154,1021.0,8.1564,0.0,0.0,0.0,1.0,0.0,390100.0
156,953.0,6.8591,0.0,0.0,0.0,1.0,0.0,352400.0
158,878.0,7.508,0.0,0.0,0.0,1.0,0.0,348700.0
160,360.0,2.1944,0.0,0.0,0.0,1.0,0.0,211500.0
162,1048.0,3.675,0.0,0.0,0.0,1.0,0.0,269900.0
164,1715.0,2.9345,0.0,0.0,0.0,1.0,0.0,225000.0
166,1062.0,1.6121,0.0,0.0,0.0,1.0,0.0,171400.0
168,1171.0,2.3173,0.0,0.0,0.0,1.0,0.0,125000.0
170,742.0,2.6458,0.0,0.0,0.0,1.0,0.0,125000.0
172,1645.0,2.2303,0.0,0.0,0.0,1.0,0.0,116700.0
174,731.0,2.2697,0.0,0.0,0.0,1.0,0.0,127000.0
176,1006.0,2.1348,0.0,0.0,0.0,1.0,0.0,140600.0
178,772.0,2.3833,0.0,0.0,0.0,1.0,0.0,146900.0
180,1487.0,2.5238,0.0,0.0,0.0,1.0,0.0,169300.0
182,949.0,1.9028,0.0,0.0,0.0,1.0,0.0,127900.0
184,844.0,2.3929,0.0,0.0,0.0,1.0,0.0,111900.0
186,1659.0,2.9357,0.0,0.0,0.0,1.0,0.0,107900.0
188,1464.0,2.1638,0.0,0.0,0.0,1.0,0.0,105500.0
190,647.0,3.375,0.0,0.0,0.0,1.0,0.0,116100.0
192,228.0,2.1,0.0,0.0,0.0,1.0,0.0,75000.0
194,846.0,3.625,0.0,0.0,0.0,1.0,0.0,125000.0
196,520.0,1.6471,0.0,0.0,0.0,1.0,0.0,95000.0
198,612.0,2.57,0.0,0.0,0.0,1.0,0.0,72000.0
200,994.0,3.0257,0.0,0.0,0.0,1.0,0.0,80800.0
202,1506.0,1.9338,0.0,0.0,0.0,1.0,0.0,112500.0
204,2813.0,1.6009,0.0,0.0,0.0,1.0,0.0,118100.0
206,859.0,2.293,0.0,0.0,0.0,1.0,0.0,106300.0
208,425.0,1.6198,0.0,0.0,0.0,1.0,0.0,122700.0
210,961.0,3.5156,0.0,0.0,0.0,1.0,0.0,109500.0
212,600.0,3.0893,0.0,0.0,0.0,1.0,0.0,125000.0
214,1201.0,2.5,0.0,0.0,0.0,1.0,0.0,136700.0
216,939.0,2.8321,0.0,0.0,0.0,1.0,0.0,150000.0
218,1517.0,2.8365,0.0,0.0,0.0,1.0,0.0,139200.0
220,1109.0,3.0682,0.0,0.0,0.0,1.0,0.0,156500.0
222,1115.0,4.9559,0.0,0.0,0.0,1.0,0.0,273000.0
224,1883.0,3.4861,0.0,0.0,0.0,1.0,0.0,187100.0
226,506.0,4.0977,0.0,0.0,0.0,1.0,0.0,229700.0
228,768.0,4.2727,0.0,0.0,0.0,1.0,0.0,246900.0
230,667.0,4.1739,0.0,0.0,0.0,1.0,0.0,169600.0
232,637.0,4.0114,0.0,0.0,0.0,1.0,0.0,263400.0
234,1737.0,2.9297,0.0,0.0,0.0,1.0,0.0,140500.0
236,737.0,2.6667,0.0,0.0,0.0,1.0,0.0,122000.0
238,1530.0,2.4167,0.0,0.0,0.0,1.0,0.0,139400.0
240,1390.0,2.7352,0.0,0.0,0.0,1.0,0.0,137300.0
242,792.0,2.6583,0.0,0.0,0.0,1.0,0.0,142600.0
244,2269.0,2.3906,0.0,0.0,0.0,1.0,0.0,111700.0
246,753.0,2.625,0.0,0.0,0.0,1.0,0.0,111300.0
248,1807.0,1.7276,0.0,0.0,0.0,1.0,0.0,102300.0
250,1543.0,2.489,0.0,0.0,0.0,1.0,0.0,119100.0
252,353.0,4.0904,0.0,0.0,0.0,1.0,0.0,80600.0
254,1621.0,2.4338,0.0,0.0,0.0,1.0,0.0,102400.0
256,836.0,2.2604,0.0,0.0,0.0,1.0,0.0,100000.0
258,1888.0,2.2562,0.0,0.0,0.0,1.0,0.0,94800.0
260,1225.0,3.5398,0.0,0.0,0.0,1.0,0.0,158400.0
262,1128.0,2.5401,0.0,0.0,0.0,1.0,0.0,129100.0
264,1240.0,2.3125,0.0,0.0,0.0,1.0,0.0,102800.0
266,1086.0,3.3715,0.0,0.0,0.0,1.0,0.0,143900.0
268,1109.0,4.3125,0.0,0.0,0.0,1.0,0.0,164400.0
270,575.0,3.875,0.0,0.0,0.0,1.0,0.0,225000.0
272,555.0,3.7262,0.0,0.0,0.0,1.0,0.0,166900.0
274,236.0,5.2578,0.0,0.0,0.0,1.0,0.0,253000.0
276,922.0,3.9712,0.0,0.0,0.0,1.0,0.0,208100.0
278,546.0,2.6667,0.0,0.0,0.0,1.0,0.0,172800.0
280,442.0,6.2838,0.0,0.0,0.0,1.0,0.0,318200.0
282,916.0,7.0712,0.0,0.0,0.0,1.0,0.0,293000.0
284,651.0,3.6875,0.0,0.0,0.0,1.0,0.0,157300.0
286,1085.0,3.4205,0.0,0.0,0.0,1.0,0.0,136700.0
288,468.0,3.875,0.0,0.0,0.0,1.0,0.0,140600.0
290,446.0,4.7708,0.0,0.0,0.0,1.0,0.0,156300.0
292,857.0,3.0958,0.0,0.0,0.0,1.0,0.0,145800.0
294,1360.0,1.871,0.0,0.0,0.0,1.0,0.0,90700.0
296,965.0,2.1842,0.0,0.0,0.0,1.0,0.0,107900.0
298,987.0,2.4333,0.0,0.0,0.0,1.0,0.0,98200.0
300,447.0,3.9063,0.0,0.0,0.0,1.0,0.0,93800.0
302,396.0,2.0786,0.0,0.0,0.0,1.0,0.0,97500.0
304,1111.0,1.8913,0.0,0.0,0.0,1.0,0.0,91200.0
306,1479.0,2.2768,0.0,0.0,0.0,1.0,0.0,96200.0
308,1029.0,2.0556,0.0,0.0,0.0,1.0,0.0,100000.0
310,826.0,1.75,0.0,0.0,0.0,1.0,0.0,85700.0
312,1132.0,2.7159,0.0,0.0,0.0,1.0,0.0,101400.0
314,630.0,1.925,0.0,0.0,0.0,1.0,0.0,74100.0
316,1925.0,1.4097,0.0,0.0,0.0,1.0,0.0,84600.0
318,1481.0,1.3194,0.0,0.0,0.0,1.0,0.0,81400.0
320,984.0,1.9479,0.0,0.0,0.0,1.0,0.0,85800.0
322,380.0,2.3456,0.0,0.0,0.0,1.0,0.0,83500.0
324,417.0,2.5139,0.0,0.0,0.0,1.0,0.0,83400.0
326,646.0,2.9063,0.0,0.0,0.0,1.0,0.0,80000.0
328,435.0,2.1111,0.0,0.0,0.0,1.0,0.0,79700.0
330,1481.0,2.4028,0.0,0.0,0.0,1.0,0.0,97700.0
332,494.0,2.4776,0.0,0.0,0.0,1.0,0.0,101600.0
334,323.0,1.8438,0.0,0.0,0.0,1.0,0.0,90500.0
336,693.0,2.25,0.0,0.0,0.0,1.0,0.0,84200.0
338,282.0,4.0469,0.0,0.0,0.0,1.0,0.0,80700.0
340,901.0,2.1731,0.0,0.0,0.0,1.0,0.0,82000.0
342,652.0,2.069,0.0,0.0,0.0,1.0,0.0,84600.0
344,999.0,2.5625,0.0,0.0,0.0,1.0,0.0,89300.0
346,828.0,2.5043,0.0,0.0,0.0,1.0,0.0,92300.0
348,935.0,1.4375,0.0,0.0,0.0,1.0,0.0,90000.0
350,1516.0,1.5625,0.0,0.0,0.0,1.0,0.0,91700.0
352,949.0,1.8426,0.0,0.0,0.0,1.0,0.0,94800.0
354,1438.0,2.4598,0.0,0.0,0.0,1.0,0.0,155500.0
356,1297.0,4.8304,0.0,0.0,0.0,1.0,0.0,279100.0
358,1222.0,5.37,0.0,0.0,0.0,1.0,0.0,275400.0
360,329.0,7.6923,0.0,0.0,0.0,1.0,0.0,329800.0
362,579.0,6.8323,0.0,0.0,0.0,1.0,0.0,255900.0
364,229.0,5.3602,0.0,0.0,0.0,1.0,0.0,330000.0
366,429.0,2.925,0.0,0.0,0.0,1.0,0.0,142900.0
368,946.0,3.225,0.0,0.0,0.0,1.0,0.0,135800.0
370,1137.0,2.537,0.0,0.0,0.0,1.0,0.0,107900.0
372,853.0,3.5083,0.0,0.0,0.0,1.0,0.0,122000.0
374,928.0,1.8235,0.0,0.0,0.0,1.0,0.0,95200.0
376,824.0,2.2917,0.0,0.0,0.0,1.0,0.0,92500.0
378,826.0,4.0417,0.0,0.0,0.0,1.0,0.0,109400.0
380,355.0,4.1458,0.0,0.0,0.0,1.0,0.0,143400.0
382,609.0,2.0227,0.0,0.0,0.0,1.0,0.0,103100.0
384,594.0,5.338,0.0,0.0,0.0,1.0,0.0,270900.0
386,1027.0,3.5125,0.0,0.0,0.0,1.0,0.0,224200.0
388,815.0,2.8036,0.0,0.0,0.0,1.0,0.0,211600.0
390,518.0,3.0208,0.0,0.0,0.0,1.0,0.0,206300.0
392,551.0,4.5268,0.0,0.0,0.0,1.0,0.0,207400.0
394,1498.0,3.1795,0.0,0.0,0.0,1.0,0.0,218200.0
396,374.0,5.1675,0.0,0.0,0.0,1.0,0.0,270600.0
398,769.0,4.2614,0.0,0.0,0.0,1.0,0.0,261300.0
400,645.0,5.6228,0.0,0.0,0.0,1.0,0.0,375400.0
402,684.0,7.9556,0.0,0.0,0.0,1.0,0.0,374400.0
404,671.0,6.9414,0.0,0.0,0.0,1.0,0.0,417500.0
406,779.0,7.1754,0.0,0.0,0.0,1.0,0.0,362900.0
408,819.0,4.9083,0.0,0.0,0.0,1.0,0.0,346800.0
410,835.0,4.5893,0.0,0.0,0.0,1.0,0.0,290100.0
412,1085.0,4.125,0.0,0.0,0.0,1.0,0.0,270900.0
414,723.0,5.3989,0.0,0.0,0.0,1.0,0.0,335600.0
416,356.0,6.1593,0.0,0.0,0.0,1.0,0.0,344000.0
418,1205.0,6.6828,0.0,0.0,0.0,1.0,0.0,370900.0
420,1031.0,6.7138,0.0,0.0,0.0,1.0,0.0,368600.0
422,823.0,5.7979,0.0,0.0,0.0,1.0,0.0,415300.0
424,669.0,3.5417,0.0,0.0,0.0,1.0,0.0,287500.0
426,1058.0,4.1429,0.0,0.0,0.0,1.0,0.0,259600.0
428,489.0,3.9167,0.0,0.0,0.0,1.0,0.0,235600.0
430,1034.0,3.1065,0.0,0.0,0.0,1.0,0.0,229200.0
432,841.0,3.556,0.0,0.0,0.0,1.0,0.0,179300.0
434,208.0,1.6971,0.0,0.0,0.0,1.0,0.0,138800.0
436,287.0,2.75,0.0,0.0,0.0,1.0,0.0,140600.0
438,854.0,2.9,0.0,0.0,0.0,1.0,0.0,144800.0
440,403.0,3.2344,0.0,0.0,0.0,1.0,0.0,245500.0
442,963.0,1.9805,0.0,0.0,0.0,1.0,0.0,173700.0
444,386.0,3.875,0.0,0.0,0.0,1.0,0.0,182600.0
446,1293.0,2.543,0.0,0.0,0.0,1.0,0.0,220700.0
448,1372.0,2.1907,0.0,0.0,0.0,1.0,0.0,271400.0
450,1152.0,2.52,0.0,0.0,0.0,1.0,0.0,277800.0
452,1558.0,2.944,0.0,0.0,0.0,1.0,0.0,338900.0
454,266.0,5.2289,0.0,0.0,0.0,1.0,0.0,384600.0
456,2016.0,0.949,0.0,0.0,0.0,1.0,0.0,350000.0
458,3337.0,1.4012,0.0,0.0,0.0,1.0,0.0,175000.0
460,1675.0,1.7464,0.0,0.0,0.0,1.0,0.0,216700.0
462,1424.0,2.7372,0.0,0.0,0.0,1.0,0.0,210200.0
464,828.0,3.5625,0.0,0.0,0.0,1.0,0.0,191700.0
466,1382.0,2.537,0.0,0.0,0.0,1.0,0.0,175000.0
468,815.0,1.9946,0.0,0.0,0.0,1.0,0.0,156900.0
470,1145.0,2.6165,0.0,0.0,0.0,1.0,0.0,150000.0
472,958.0,1.9327,0.0,0.0,0.0,1.0,0.0,169900.0
474,1005.0,2.4167,0.0,0.0,0.0,1.0,0.0,152700.0
476,780.0,3.3906,0.0,0.0,0.0,1.0,0.0,179300.0
478,1213.0,2.2845,0.0,0.0,0.0,1.0,0.0,153100.0
480,494.0,3.15,0.0,0.0,0.0,1.0,0.0,206300.0
482,1127.0,1.8447,0.0,0.0,0.0,1.0,0.0,198200.0
484,1493.0,2.9044,0.0,0.0,0.0,1.0,0.0,257400.0
486,1253.0,3.3893,0.0,0.0,0.0,1.0,0.0,241700.0
488,514.0,7.0897,0.0,0.0,0.0,1.0,0.0,446200.0
490,878.0,1.7652,0.0,0.0,0.0,1.0,0.0,336800.0
492,1366.0,9.3959,0.0,0.0,0.0,1.0,0.0,500001.0
494,1508.0,3.2619,0.0,0.0,0.0,1.0,0.0,309600.0
496,719.0,2.2431,0.0,0.0,0.0,1.0,0.0,172700.0
498,875.0,1.5817,0.0,0.0,0.0,1.0,0.0,153600.0
500,843.0,1.3785,0.0,0.0,0.0,1.0,0.0,142300.0
502,506.0,1.73,0.0,0.0,0.0,1.0,0.0,147900.0
504,1017.0,2.2106,0.0,0.0,0.0,1.0,0.0,132500.0
506,3100.0,4.0018,0.0,0.0,0.0,1.0,0.0,143800.0
508,808.0,11.8603,0.0,0.0,0.0,1.0,0.0,500001.0
510,1001.0,12.2138,0.0,0.0,0.0,1.0,0.0,500001.0
512,1192.0,12.3804,0.0,0.0,0.0,1.0,0.0,500001.0
514,916.0,8.1194,0.0,0.0,0.0,1.0,0.0,471600.0
516,1470.0,6.155,0.0,0.0,0.0,1.0,0.0,398600.0
518,1242.0,5.2128,0.0,0.0,0.0,1.0,0.0,289900.0
520,378.0,5.2915,0.0,0.0,0.0,1.0,0.0,333000.0
522,409.0,3.3214,0.0,0.0,0.0,1.0,0.0,189600.0
524,1468.0,3.0161,0.0,0.0,0.0,1.0,0.0,215700.0
526,825.0,3.4531,0.0,0.0,0.0,1.0,0.0,208800.0
528,528.0,3.3438,0.0,0.0,0.0,1.0,0.0,201300.0
530,718.0,2.6806,0.0,0.0,0.0,1.0,0.0,207900.0
532,723.0,3.9444,0.0,0.0,0.0,1.0,0.0,212900.0
534,3668.0,2.5444,0.0,0.0,0.0,1.0,0.0,275000.0
536,821.0,1.9427,0.0,0.0,0.0,1.0,0.0,102200.0
538,1901.0,3.75,0.0,0.0,0.0,1.0,0.0,242800.0
540,730.0,2.5139,0.0,0.0,0.0,1.0,0.0,219000.0
542,1033.0,5.5337,0.0,0.0,0.0,1.0,0.0,372000.0
544,849.0,2.7115,0.0,0.0,0.0,1.0,0.0,220800.0
546,872.0,3.2685,0.0,0.0,0.0,1.0,0.0,254200.0
548,663.0,4.226,0.0,0.0,0.0,1.0,0.0,275000.0
550,915.0,2.9899,0.0,0.0,0.0,1.0,0.0,228100.0
552,585.0,2.3882,0.0,0.0,0.0,1.0,0.0,162500.0
554,1303.0,5.1039,0.0,0.0,0.0,1.0,0.0,273800.0
556,979.0,3.4762,0.0,0.0,0.0,1.0,0.0,244000.0
558,658.0,5.75,0.0,0.0,0.0,1.0,0.0,306300.0
560,1499.0,4.8711,0.0,0.0,0.0,1.0,0.0,286600.0
562,1110.0,3.6719,0.0,0.0,0.0,1.0,0.0,229800.0
564,2930.0,4.5213,0.0,0.0,0.0,1.0,0.0,228400.0
566,7427.0,7.611,0.0,0.0,0.0,1.0,0.0,350700.0
568,1340.0,3.567,0.0,0.0,0.0,1.0,0.0,252900.0
570,2690.0,4.7695,0.0,0.0,0.0,1.0,0.0,291700.0
572,5781.0,7.2634,0.0,0.0,0.0,1.0,0.0,341600.0
574,1478.0,4.635,0.0,0.0,0.0,1.0,0.0,248600.0
576,1235.0,4.9801,0.0,0.0,0.0,1.0,0.0,241500.0
578,1368.0,6.187,0.0,0.0,0.0,1.0,0.0,340400.0
580,1004.0,5.4639,0.0,0.0,0.0,1.0,0.0,238600.0
582,922.0,5.8382,0.0,0.0,0.0,1.0,0.0,330200.0
584,1413.0,4.3819,0.0,0.0,0.0,1.0,0.0,209200.0
586,749.0,5.2855,0.0,0.0,0.0,1.0,0.0,253500.0
588,2723.0,5.2131,0.0,0.0,0.0,1.0,0.0,252500.0
590,781.0,5.0519,0.0,0.0,0.0,1.0,0.0,227000.0
592,1156.0,5.2497,0.0,0.0,0.0,1.0,0.0,259300.0
594,821.0,4.6005,0.0,0.0,0.0,1.0,0.0,231600.0
596,1487.0,3.0,0.0,0.0,0.0,1.0,0.0,223200.0
598,2239.0,2.9861,0.0,0.0,0.0,1.0,0.0,208200.0
600,1105.0,3.3021,0.0,0.0,0.0,1.0,0.0,195700.0
602,740.0,2.8512,0.0,0.0,0.0,1.0,0.0,181000.0
604,314.0,2.3958,0.0,0.0,0.0,1.0,0.0,190800.0
606,1732.0,4.8036,0.0,0.0,0.0,1.0,0.0,188300.0
608,440.0,4.0662,0.0,0.0,0.0,1.0,0.0,204200.0
610,611.0,2.2,0.0,0.0,0.0,1.0,0.0,187500.0
612,545.0,3.95,0.0,0.0,0.0,1.0,0.0,219000.0
614,1573.0,2.8355,0.0,0.0,0.0,1.0,0.0,245400.0
616,768.0,2.8301,0.0,0.0,0.0,1.0,0.0,171600.0
618,425.0,2.5625,0.0,0.0,0.0,1.0,0.0,175000.0
620,519.0,3.375,0.0,0.0,0.0,1.0,0.0,157500.0
622,1209.0,4.0268,0.0,0.0,0.0,1.0,0.0,205500.0
624,158.0,5.5461,0.0,0.0,0.0,1.0,0.0,262500.0
626,766.0,3.5313,0.0,0.0,0.0,1.0,0.0,159700.0
628,618.0,2.875,0.0,0.0,0.0,1.0,0.0,144800.0
630,632.0,4.5553,0.0,0.0,0.0,1.0,0.0,191000.0
632,877.0,3.3431,0.0,0.0,0.0,1.0,0.0,137500.0
634,739.0,2.9097,0.0,0.0,0.0,1.0,0.0,210900.0
636,2024.0,2.8125,0.0,0.0,0.0,1.0,0.0,157400.0
638,711.0,3.0673,0.0,0.0,0.0,1.0,0.0,218400.0
640,686.0,6.9096,0.0,0.0,0.0,1.0,0.0,341800.0
642,976.0,3.8393,0.0,0.0,0.0,1.0,0.0,243500.0
644,340.0,6.5095,0.0,0.0,0.0,1.0,0.0,371200.0
646,555.0,2.983,0.0,0.0,0.0,1.0,0.0,202700.0
648,776.0,3.1103,0.0,0.0,0.0,1.0,0.0,188900.0
650,2441.0,3.1682,0.0,0.0,0.0,1.0,0.0,202700.0
652,2197.0,3.6932,0.0,0.0,0.0,1.0,0.0,166800.0
654,1810.0,3.9032,0.0,0.0,0.0,1.0,0.0,218000.0
656,672.0,3.5547,0.0,0.0,0.0,1.0,0.0,194700.0
658,2162.0,2.6321,0.0,0.0,0.0,1.0,0.0,223100.0
660,606.0,3.9702,0.0,0.0,0.0,1.0,0.0,194100.0
662,874.0,4.4659,0.0,0.0,0.0,1.0,0.0,189100.0
664,703.0,3.8864,0.0,0.0,0.0,1.0,0.0,197300.0
666,625.0,3.7813,0.0,0.0,0.0,1.0,0.0,192200.0
668,836.0,4.4375,0.0,0.0,0.0,1.0,0.0,193500.0
670,568.0,2.3869,0.0,0.0,0.0,1.0,0.0,83300.0
672,840.0,5.4858,0.0,0.0,0.0,1.0,0.0,187800.0
674,863.0,4.0109,0.0,0.0,0.0,1.0,0.0,192900.0
676,929.0,4.2841,0.0,0.0,0.0,1.0,0.0,213400.0
678,1093.0,2.9958,0.0,0.0,0.0,1.0,0.0,178400.0
680,1561.0,2.7955,0.0,0.0,0.0,1.0,0.0,183100.0
682,695.0,3.4375,0.0,0.0,0.0,1.0,0.0,157800.0
684,632.0,3.0345,0.0,0.0,0.0,1.0,0.0,152100.0
686,1287.0,2.9922,0.0,0.0,0.0,1.0,0.0,179900.0
688,1571.0,2.5833,0.0,0.0,0.0,1.0,0.0,159900.0
690,835.0,2.3274,0.0,0.0,0.0,1.0,0.0,170400.0
692,1562.0,2.6464,0.0,0.0,0.0,1.0,0.0,155200.0
694,1140.0,2.3973,0.0,0.0,0.0,1.0,0.0,167300.0
698,586.0,4.7813,0.0,0.0,0.0,1.0,0.0,241900.0
700,867.0,5.3169,0.0,0.0,0.0,1.0,0.0,299200.0
702,3827.0,5.1701,0.0,0.0,0.0,1.0,0.0,216800.0
704,2667.0,3.1796,0.0,0.0,0.0,1.0,0.0,170300.0
706,1401.0,2.6563,0.0,0.0,0.0,1.0,0.0,184100.0
708,673.0,2.3357,0.0,0.0,0.0,1.0,0.0,175000.0
710,273.0,3.3125,0.0,0.0,0.0,1.0,0.0,150000.0
712,1105.0,2.8322,0.0,0.0,0.0,1.0,0.0,170300.0
714,691.0,3.4032,0.0,0.0,0.0,1.0,0.0,196900.0
716,1197.0,2.5772,0.0,0.0,0.0,1.0,0.0,170200.0
718,2479.0,2.9564,0.0,0.0,0.0,1.0,0.0,150500.0
720,1146.0,2.95,0.0,0.0,0.0,1.0,0.0,148900.0
722,975.0,4.0417,0.0,0.0,0.0,1.0,0.0,191100.0
724,1159.0,3.4839,0.0,0.0,0.0,1.0,0.0,180600.0
726,1175.0,4.1974,0.0,0.0,0.0,1.0,0.0,179300.0
728,1424.0,4.267,0.0,0.0,0.0,1.0,0.0,210300.0
730,1171.0,5.5797,0.0,0.0,0.0,1.0,0.0,198100.0
732,880.0,3.1734,0.0,0.0,0.0,1.0,0.0,181600.0
734,914.0,3.8676,0.0,0.0,0.0,1.0,0.0,184000.0
736,1625.0,3.2434,0.0,0.0,0.0,1.0,0.0,179900.0
738,2037.0,3.0645,0.0,0.0,0.0,1.0,0.0,165400.0
740,1408.0,3.1115,0.0,0.0,0.0,1.0,0.0,153500.0
742,725.0,2.2222,0.0,0.0,0.0,1.0,0.0,158300.0
744,1830.0,4.2733,0.0,0.0,0.0,1.0,0.0,180700.0
746,1198.0,3.2417,0.0,0.0,0.0,1.0,0.0,210800.0
748,690.0,6.0501,0.0,0.0,0.0,1.0,0.0,254200.0
750,1066.0,6.3501,0.0,0.0,0.0,1.0,0.0,350000.0
752,2461.0,3.875,0.0,0.0,0.0,1.0,0.0,179300.0
754,2181.0,3.016,0.0,0.0,0.0,1.0,0.0,161800.0
756,1093.0,3.6818,0.0,0.0,0.0,1.0,0.0,165400.0
758,599.0,3.7303,0.0,0.0,0.0,1.0,0.0,149700.0
760,1293.0,3.0489,0.0,0.0,0.0,1.0,0.0,152600.0
762,543.0,4.3897,0.0,0.0,0.0,1.0,0.0,190600.0
764,342.0,4.6875,0.0,0.0,0.0,1.0,0.0,200600.0
766,768.0,4.275,0.0,0.0,0.0,1.0,0.0,185300.0
768,1726.0,3.09,0.0,0.0,0.0,1.0,0.0,174100.0
770,735.0,4.6635,0.0,0.0,0.0,1.0,0.0,206700.0
772,252.0,4.5303,0.0,0.0,0.0,1.0,0.0,175000.0
774,5613.0,3.8171,0.0,0.0,0.0,1.0,0.0,187200.0
776,407.0,4.3456,0.0,0.0,0.0,1.0,0.0,163000.0
778,854.0,5.2312,0.0,0.0,0.0,1.0,0.0,197600.0
780,264.0,3.8875,0.0,0.0,0.0,1.0,0.0,228100.0
782,836.0,3.9063,0.0,0.0,0.0,1.0,0.0,184200.0
784,789.0,3.8,0.0,0.0,0.0,1.0,0.0,172000.0
786,853.0,4.1141,0.0,0.0,0.0,1.0,0.0,173100.0
788,4065.0,3.3479,0.0,0.0,0.0,1.0,0.0,182100.0
790,548.0,3.7614,0.0,0.0,0.0,1.0,0.0,176000.0
792,463.0,3.9338,0.0,0.0,0.0,1.0,0.0,182700.0
794,2028.0,2.4808,0.0,0.0,0.0,1.0,0.0,157600.0
796,1038.0,4.1652,0.0,0.0,0.0,1.0,0.0,158200.0
798,848.0,3.8036,0.0,0.0,0.0,1.0,0.0,158200.0
800,369.0,3.2331,0.0,0.0,0.0,1.0,0.0,226700.0
802,1472.0,4.2468,0.0,0.0,0.0,1.0,0.0,221200.0
804,328.0,3.8125,0.0,0.0,0.0,1.0,0.0,204200.0
806,632.0,3.8929,0.0,0.0,0.0,1.0,0.0,209500.0
808,808.0,4.0125,0.0,0.0,0.0,1.0,0.0,161400.0
810,455.0,4.2857,0.0,0.0,0.0,1.0,0.0,190400.0
812,1139.0,2.6875,0.0,0.0,0.0,1.0,0.0,157300.0
814,1401.0,4.5913,0.0,0.0,0.0,1.0,0.0,177600.0
816,841.0,3.3611,0.0,0.0,0.0,1.0,0.0,169200.0
818,1148.0,4.0326,0.0,0.0,0.0,1.0,0.0,164700.0
820,992.0,5.3644,0.0,0.0,0.0,1.0,0.0,168800.0
822,1016.0,5.64,0.0,0.0,0.0,1.0,0.0,206500.0
826,1858.0,2.652,0.0,0.0,0.0,1.0,0.0,159800.0
828,1097.0,3.2386,0.0,0.0,0.0,1.0,0.0,149600.0
830,1873.0,4.3875,0.0,0.0,0.0,1.0,0.0,238500.0
832,1568.0,5.0406,0.0,0.0,0.0,1.0,0.0,261400.0
834,1186.0,5.3226,0.0,0.0,0.0,1.0,0.0,231700.0
836,1680.0,4.825,0.0,0.0,0.0,1.0,0.0,222000.0
838,1033.0,6.5116,0.0,0.0,0.0,1.0,0.0,244300.0
840,2003.0,6.0074,0.0,0.0,0.0,1.0,0.0,236500.0
842,1461.0,5.225,0.0,0.0,0.0,1.0,0.0,213700.0
844,3163.0,3.7462,0.0,0.0,0.0,1.0,0.0,212500.0
846,855.0,3.6923,0.0,0.0,0.0,1.0,0.0,213200.0
848,240.0,2.875,0.0,0.0,0.0,1.0,0.0,237500.0
850,2629.0,5.7579,0.0,0.0,0.0,1.0,0.0,231800.0
852,2056.0,3.9022,0.0,0.0,0.0,1.0,0.0,191700.0
858,8117.0,5.8322,0.0,0.0,0.0,1.0,0.0,281800.0
860,3436.0,5.2879,0.0,0.0,0.0,1.0,0.0,231200.0
862,4576.0,5.6758,0.0,0.0,0.0,1.0,0.0,253400.0
866,2461.0,4.3594,0.0,0.0,0.0,1.0,0.0,223400.0
868,2841.0,4.8962,0.0,0.0,0.0,1.0,0.0,220200.0
870,1531.0,4.4259,0.0,0.0,0.0,1.0,0.0,158000.0
872,909.0,4.5687,0.0,0.0,0.0,1.0,0.0,177200.0
922,4319.0,6.992,0.0,0.0,0.0,1.0,0.0,284800.0
924,1446.0,4.4357,0.0,0.0,0.0,1.0,0.0,291700.0
926,2568.0,5.2882,0.0,0.0,0.0,1.0,0.0,223100.0
928,2998.0,3.9667,0.0,0.0,0.0,1.0,0.0,218500.0
930,3526.0,5.0838,0.0,0.0,0.0,1.0,0.0,248200.0
932,1911.0,4.1406,0.0,0.0,0.0,1.0,0.0,178200.0
934,719.0,3.535,0.0,0.0,0.0,1.0,0.0,210300.0
936,1268.0,3.256,0.0,0.0,0.0,1.0,0.0,183300.0
938,2216.0,5.7072,0.0,0.0,0.0,1.0,0.0,242200.0
1356,54.0,2.5795,0.0,0.0,0.0,1.0,0.0,225000.0
1358,859.0,1.8523,0.0,0.0,0.0,1.0,0.0,144800.0
1360,608.0,2.1974,0.0,0.0,0.0,1.0,0.0,139300.0
1362,761.0,5.1265,0.0,0.0,0.0,1.0,0.0,196100.0
1364,718.0,3.3831,0.0,0.0,0.0,1.0,0.0,129400.0
1366,691.0,3.9519,0.0,0.0,0.0,1.0,0.0,126500.0
1368,864.0,4.1189,0.0,0.0,0.0,1.0,0.0,172400.0
1370,2086.0,3.6523,0.0,0.0,0.0,1.0,0.0,159700.0
1372,4377.0,5.2015,0.0,0.0,0.0,1.0,0.0,204200.0
1374,1914.0,5.0509,0.0,0.0,0.0,1.0,0.0,199900.0
1376,1782.0,5.1297,0.0,0.0,0.0,1.0,0.0,206700.0
1378,1105.0,6.6579,0.0,0.0,0.0,1.0,0.0,245200.0
1380,1790.0,6.135,0.0,0.0,0.0,1.0,0.0,297300.0
1382,741.0,4.675,0.0,0.0,0.0,1.0,0.0,225400.0
1384,1679.0,4.3571,0.0,0.0,0.0,1.0,0.0,228200.0
1386,1811.0,4.5401,0.0,0.0,0.0,1.0,0.0,166900.0
1388,856.0,3.7262,0.0,0.0,0.0,1.0,0.0,211800.0
1390,788.0,4.2917,0.0,0.0,0.0,1.0,0.0,189600.0
1392,950.0,4.7386,0.0,0.0,0.0,1.0,0.0,186400.0
1394,1351.0,5.0672,0.0,0.0,0.0,1.0,0.0,243000.0
1396,552.0,5.0445,0.0,0.0,0.0,1.0,0.0,196200.0
1398,738.0,4.175,0.0,0.0,0.0,1.0,0.0,169400.0
1400,1896.0,2.5268,0.0,0.0,0.0,1.0,0.0,235700.0
1402,707.0,2.892,0.0,0.0,0.0,1.0,0.0,220800.0
1404,943.0,4.725,0.0,0.0,0.0,1.0,0.0,232100.0
1406,601.0,6.0265,0.0,0.0,0.0,1.0,0.0,247900.0
1408,1447.0,3.2484,0.0,0.0,0.0,1.0,0.0,91100.0
1410,1478.0,4.125,0.0,0.0,0.0,1.0,0.0,136200.0
1412,721.0,2.8043,0.0,0.0,0.0,1.0,0.0,87500.0
1414,1213.0,3.7333,0.0,0.0,0.0,1.0,0.0,136400.0
1416,627.0,1.3894,0.0,0.0,0.0,1.0,0.0,156300.0
1418,1753.0,5.7295,0.0,0.0,0.0,1.0,0.0,178300.0
1420,1378.0,3.8897,0.0,0.0,0.0,1.0,0.0,139900.0
1422,1591.0,4.6375,0.0,0.0,0.0,1.0,0.0,178200.0
1424,1237.0,4.45,0.0,0.0,0.0,1.0,0.0,161900.0
1426,498.0,3.4531,0.0,0.0,0.0,1.0,0.0,148900.0
1428,956.0,4.317,0.0,0.0,0.0,1.0,0.0,194000.0
1432,756.0,2.8456,0.0,0.0,0.0,1.0,0.0,165500.0
1440,638.0,4.0507,0.0,0.0,0.0,1.0,0.0,161000.0
1462,1250.0,5.3794,0.0,0.0,0.0,1.0,0.0,206200.0
1464,865.0,3.25,0.0,0.0,0.0,1.0,0.0,151100.0
1466,2629.0,2.9915,0.0,0.0,0.0,1.0,0.0,166700.0
1468,3621.0,2.5841,0.0,0.0,0.0,1.0,0.0,112500.0
1470,578.0,2.2411,0.0,0.0,0.0,1.0,0.0,151800.0
1472,724.0,3.6964,0.0,0.0,0.0,1.0,0.0,165700.0
1474,1875.0,3.1838,0.0,0.0,0.0,1.0,0.0,182000.0
1476,1555.0,6.0901,0.0,0.0,0.0,1.0,0.0,298200.0
1478,1142.0,2.1083,0.0,0.0,0.0,1.0,0.0,162500.0
1480,608.0,2.4519,0.0,0.0,0.0,1.0,0.0,208300.0
1482,1660.0,5.6642,0.0,0.0,0.0,1.0,0.0,237000.0
1484,1317.0,4.125,0.0,0.0,0.0,1.0,0.0,267100.0
1486,937.0,6.3809,0.0,0.0,0.0,1.0,0.0,273600.0
1488,1062.0,7.5898,0.0,0.0,0.0,1.0,0.0,330200.0
1490,2444.0,5.6292,0.0,0.0,0.0,1.0,0.0,231400.0
1492,341.0,4.7188,0.0,0.0,0.0,1.0,0.0,197100.0
1494,2214.0,5.5777,0.0,0.0,0.0,1.0,0.0,279300.0
1496,1503.0,4.0473,0.0,0.0,0.0,1.0,0.0,266500.0
1498,4741.0,4.7094,0.0,0.0,0.0,1.0,0.0,234700.0
1500,1124.0,6.5847,0.0,0.0,0.0,1.0,0.0,358800.0
1502,2310.0,5.0362,0.0,0.0,0.0,1.0,0.0,275300.0
1504,2669.0,2.6998,0.0,0.0,0.0,1.0,0.0,216100.0
1506,614.0,5.0255,0.0,0.0,0.0,1.0,0.0,226000.0
1508,1629.0,4.4312,0.0,0.0,0.0,1.0,0.0,225000.0
1510,796.0,6.195,0.0,0.0,0.0,1.0,0.0,264900.0
1512,638.0,3.6833,0.0,0.0,0.0,1.0,0.0,292500.0
1514,3486.0,7.0895,0.0,0.0,0.0,1.0,0.0,306900.0
1516,1223.0,6.2924,0.0,0.0,0.0,1.0,0.0,283900.0
1518,809.0,5.5636,0.0,0.0,0.0,1.0,0.0,268800.0
1520,1879.0,6.5378,0.0,0.0,0.0,1.0,0.0,340900.0
1522,1699.0,2.9526,0.0,0.0,0.0,1.0,0.0,271000.0
1524,689.0,4.2625,0.0,0.0,0.0,1.0,0.0,310600.0
1526,1818.0,4.8088,0.0,0.0,0.0,1.0,0.0,321200.0
1528,2450.0,7.5,0.0,0.0,0.0,1.0,0.0,356200.0
1530,1035.0,6.112,0.0,0.0,0.0,1.0,0.0,390600.0
1560,729.0,7.7072,0.0,0.0,0.0,1.0,0.0,443800.0
1564,1997.0,9.8708,0.0,0.0,0.0,1.0,0.0,500001.0
1568,1396.0,8.2673,0.0,0.0,0.0,1.0,0.0,358700.0
1570,1209.0,8.4352,0.0,0.0,0.0,1.0,0.0,441400.0
1580,4083.0,8.039,0.0,0.0,0.0,1.0,0.0,382200.0
1582,368.0,6.5095,0.0,0.0,0.0,1.0,0.0,294400.0
1584,1962.0,8.3678,0.0,0.0,0.0,1.0,0.0,455300.0
1586,1398.0,5.2079,0.0,0.0,0.0,1.0,0.0,310300.0
1588,1602.0,6.4666,0.0,0.0,0.0,1.0,0.0,348200.0
1590,1260.0,4.125,0.0,0.0,0.0,1.0,0.0,257100.0
1592,728.0,10.3713,0.0,0.0,0.0,1.0,0.0,426100.0
1594,590.0,3.5536,0.0,0.0,0.0,1.0,0.0,387200.0
1596,1750.0,2.9167,0.0,0.0,0.0,1.0,0.0,102700.0
1598,263.0,3.12,0.0,0.0,0.0,1.0,0.0,155000.0
1600,317.0,3.5893,0.0,0.0,0.0,1.0,0.0,206300.0
1602,1511.0,7.2315,0.0,0.0,0.0,1.0,0.0,367100.0
1604,1351.0,6.5814,0.0,0.0,0.0,1.0,0.0,314200.0
1606,1722.0,11.7064,0.0,0.0,0.0,1.0,0.0,500001.0
1608,918.0,6.6657,0.0,0.0,0.0,1.0,0.0,364500.0
1610,830.0,11.3421,0.0,0.0,0.0,1.0,0.0,500001.0
1612,3371.0,7.3267,0.0,0.0,0.0,1.0,0.0,389900.0
1614,1480.0,7.52,0.0,0.0,0.0,1.0,0.0,370200.0
1616,231.0,4.9,0.0,0.0,0.0,1.0,0.0,354200.0
1618,721.0,8.7589,0.0,0.0,0.0,1.0,0.0,434500.0
1620,1348.0,7.6107,0.0,0.0,0.0,1.0,0.0,423200.0
1622,31.0,2.4444,0.0,0.0,0.0,1.0,0.0,475000.0
1624,398.0,7.7736,0.0,0.0,0.0,1.0,0.0,378100.0
1626,740.0,10.3416,0.0,0.0,0.0,1.0,0.0,500001.0
1628,1634.0,8.1489,0.0,0.0,0.0,1.0,0.0,499000.0
1642,1038.0,8.3956,0.0,0.0,0.0,1.0,0.0,353600.0
1654,946.0,5.7001,0.0,0.0,0.0,1.0,0.0,205100.0
1656,1094.0,6.0224,0.0,0.0,0.0,1.0,0.0,198500.0
1658,490.0,3.125,0.0,0.0,0.0,1.0,0.0,171100.0
1660,1076.0,3.6154,0.0,0.0,0.0,1.0,0.0,155700.0
1662,928.0,4.4474,0.0,0.0,0.0,1.0,0.0,203700.0
1664,752.0,3.9345,0.0,0.0,0.0,1.0,0.0,150200.0
1666,779.0,1.6767,0.0,0.0,0.0,1.0,0.0,147700.0
1668,980.0,3.4471,0.0,0.0,0.0,1.0,0.0,178900.0
1670,981.0,4.3173,0.0,0.0,0.0,1.0,0.0,175400.0
1672,1708.0,4.621,0.0,0.0,0.0,1.0,0.0,191100.0
1674,1654.0,4.375,0.0,0.0,0.0,1.0,0.0,193300.0
1676,2312.0,5.8899,0.0,0.0,0.0,1.0,0.0,243200.0
1678,2053.0,5.0473,0.0,0.0,0.0,1.0,0.0,184800.0
1680,1154.0,6.0102,0.0,0.0,0.0,1.0,0.0,235600.0
1682,1003.0,4.2269,0.0,0.0,0.0,1.0,0.0,170500.0
1684,572.0,5.8418,0.0,0.0,0.0,1.0,0.0,240300.0
1686,3326.0,6.2073,0.0,0.0,0.0,1.0,0.0,272900.0
1688,734.0,5.5,0.0,0.0,0.0,1.0,0.0,201000.0
1690,1777.0,3.6393,0.0,0.0,0.0,1.0,0.0,184000.0
1692,1512.0,4.4911,0.0,0.0,0.0,1.0,0.0,227400.0
1694,3637.0,4.4387,0.0,0.0,0.0,1.0,0.0,190000.0
1696,810.0,3.8343,0.0,0.0,0.0,1.0,0.0,191400.0
1698,573.0,4.35,0.0,0.0,0.0,1.0,0.0,185000.0
1700,1821.0,3.6518,0.0,0.0,0.0,1.0,0.0,164300.0
1702,1495.0,4.6944,0.0,0.0,0.0,1.0,0.0,171100.0
1704,1687.0,4.3333,0.0,0.0,0.0,1.0,0.0,170800.0
1706,1233.0,4.0437,0.0,0.0,0.0,1.0,0.0,162800.0
1708,1024.0,6.0115,0.0,0.0,0.0,1.0,0.0,175000.0
1710,23.0,4.125,0.0,0.0,0.0,1.0,0.0,212500.0
1712,956.0,1.5347,0.0,0.0,0.0,1.0,0.0,80400.0
1714,100.0,1.6023,0.0,0.0,0.0,1.0,0.0,81300.0
1716,1046.0,0.7403,0.0,0.0,0.0,1.0,0.0,68600.0
1718,1354.0,3.9773,0.0,0.0,0.0,1.0,0.0,131300.0
1720,287.0,6.0426,0.0,0.0,0.0,1.0,0.0,110000.0
1722,1545.0,2.5863,0.0,0.0,0.0,1.0,0.0,112200.0
1724,991.0,4.6937,0.0,0.0,0.0,1.0,0.0,134100.0
1726,2548.0,3.3125,0.0,0.0,0.0,1.0,0.0,158800.0
1728,1179.0,3.5463,0.0,0.0,0.0,1.0,0.0,130800.0
1730,819.0,3.9118,0.0,0.0,0.0,1.0,0.0,129400.0
1732,1357.0,1.875,0.0,0.0,0.0,1.0,0.0,97200.0
1734,1801.0,2.6328,0.0,0.0,0.0,1.0,0.0,110300.0
1736,1073.0,1.8664,0.0,0.0,0.0,1.0,0.0,107800.0
1738,784.0,4.0417,0.0,0.0,0.0,1.0,0.0,182800.0
1740,1135.0,2.1915,0.0,0.0,0.0,1.0,0.0,120800.0
1742,1220.0,2.5382,0.0,0.0,0.0,1.0,0.0,103600.0
1744,833.0,5.5196,0.0,0.0,0.0,1.0,0.0,210800.0
1746,848.0,3.7708,0.0,0.0,0.0,1.0,0.0,144600.0
1748,797.0,3.5848,0.0,0.0,0.0,1.0,0.0,140800.0
1750,719.0,3.9417,0.0,0.0,0.0,1.0,0.0,139100.0
1752,702.0,3.6719,0.0,0.0,0.0,1.0,0.0,134100.0
1754,777.0,4.0927,0.0,0.0,0.0,1.0,0.0,142600.0
1756,933.0,2.875,0.0,0.0,0.0,1.0,0.0,133400.0
1758,766.0,3.2833,0.0,0.0,0.0,1.0,0.0,111700.0
1760,971.0,3.6094,0.0,0.0,0.0,1.0,0.0,114600.0
1762,947.0,3.942,0.0,0.0,0.0,1.0,0.0,143300.0
1764,786.0,1.681,0.0,0.0,0.0,1.0,0.0,145500.0
1766,1406.0,2.3456,0.0,0.0,0.0,1.0,0.0,105200.0
1768,844.0,2.8967,0.0,0.0,0.0,1.0,0.0,95600.0
1770,479.0,3.0862,0.0,0.0,0.0,1.0,0.0,79000.0
1772,1007.0,1.3365,0.0,0.0,0.0,1.0,0.0,72900.0
1774,599.0,1.3167,0.0,0.0,0.0,1.0,0.0,71600.0
1776,1182.0,2.3352,0.0,0.0,0.0,1.0,0.0,84300.0
1778,885.0,3.05,0.0,0.0,0.0,1.0,0.0,121600.0
1780,1798.0,1.75,0.0,0.0,0.0,1.0,0.0,37900.0
1782,1353.0,4.016,0.0,0.0,0.0,1.0,0.0,274500.0
1784,1327.0,2.1287,0.0,0.0,0.0,1.0,0.0,95000.0
1786,1047.0,1.7727,0.0,0.0,0.0,1.0,0.0,86100.0
1788,644.0,0.8641,0.0,0.0,0.0,1.0,0.0,84200.0
1790,585.0,1.9224,0.0,0.0,0.0,1.0,0.0,94000.0
1792,1285.0,4.2895,0.0,0.0,0.0,1.0,0.0,186800.0
1794,1220.0,3.0156,0.0,0.0,0.0,1.0,0.0,111500.0
1796,1304.0,2.64,0.0,0.0,0.0,1.0,0.0,112100.0
1798,1377.0,5.0187,0.0,0.0,0.0,1.0,0.0,140600.0
1800,2606.0,3.2674,0.0,0.0,0.0,1.0,0.0,129100.0
1802,1417.0,2.7628,0.0,0.0,0.0,1.0,0.0,167800.0
1804,1992.0,4.1146,0.0,0.0,0.0,1.0,0.0,177800.0
1806,917.0,5.0399,0.0,0.0,0.0,1.0,0.0,253400.0
1808,697.0,6.2712,0.0,0.0,0.0,1.0,0.0,267700.0
1810,235.0,5.943,0.0,0.0,0.0,1.0,0.0,288200.0
1812,715.0,4.5,0.0,0.0,0.0,1.0,0.0,304000.0
1814,216.0,2.675,0.0,0.0,0.0,1.0,0.0,22500.0
1816,631.0,3.724,0.0,0.0,0.0,1.0,0.0,220100.0
1818,565.0,3.3594,0.0,0.0,0.0,1.0,0.0,186900.0
1820,710.0,4.0804,0.0,0.0,0.0,1.0,0.0,239000.0
1822,1159.0,2.9441,0.0,0.0,0.0,1.0,0.0,200400.0
1824,912.0,2.9219,0.0,0.0,0.0,1.0,0.0,217200.0
1826,688.0,2.3946,0.0,0.0,0.0,1.0,0.0,141700.0
1828,568.0,6.0,0.0,0.0,0.0,1.0,0.0,311400.0
1830,748.0,4.0536,0.0,0.0,0.0,1.0,0.0,262000.0
1832,1131.0,4.4286,0.0,0.0,0.0,1.0,0.0,234900.0
1834,1148.0,6.3538,0.0,0.0,0.0,1.0,0.0,333700.0
1836,1053.0,5.828,0.0,0.0,0.0,1.0,0.0,324400.0
1838,685.0,7.3089,0.0,0.0,0.0,1.0,0.0,331200.0
9176,491.0,4.9286,0.0,0.0,0.0,1.0,0.0,307000.0
9178,2341.0,5.0029,0.0,0.0,0.0,1.0,0.0,255600.0
9182,1583.0,3.1981,0.0,0.0,0.0,1.0,0.0,215300.0
9190,5600.0,4.6463,0.0,0.0,0.0,1.0,0.0,276300.0
9192,555.0,6.7232,0.0,0.0,0.0,1.0,0.0,345000.0
9194,6109.0,5.0965,0.0,0.0,0.0,1.0,0.0,295300.0
9196,1812.0,6.0433,0.0,0.0,0.0,1.0,0.0,435900.0
9198,472.0,3.4432,0.0,0.0,0.0,1.0,0.0,67500.0
9200,2196.0,4.3182,0.0,0.0,0.0,1.0,0.0,252700.0
9202,1157.0,3.9519,0.0,0.0,0.0,1.0,0.0,274200.0
9204,3063.0,6.0902,0.0,0.0,0.0,1.0,0.0,293200.0
9206,815.0,6.5249,0.0,0.0,0.0,1.0,0.0,324800.0
9208,3798.0,5.6512,0.0,0.0,0.0,1.0,0.0,314000.0
9210,1928.0,6.4978,0.0,0.0,0.0,1.0,0.0,361500.0
9212,1694.0,3.18,0.0,0.0,0.0,1.0,0.0,277000.0
9214,818.0,7.3521,0.0,0.0,0.0,1.0,0.0,444000.0
9216,607.0,5.5083,0.0,0.0,0.0,1.0,0.0,371900.0
9218,810.0,8.5759,0.0,0.0,0.0,1.0,0.0,500001.0
9220,1541.0,5.5791,0.0,0.0,0.0,1.0,0.0,433300.0
9222,2100.0,3.2462,0.0,0.0,0.0,1.0,0.0,329400.0
9224,427.0,12.0933,0.0,0.0,0.0,1.0,0.0,500001.0
9226,460.0,6.4271,0.0,0.0,0.0,1.0,0.0,451700.0
9228,700.0,2.5125,0.0,0.0,0.0,1.0,0.0,270800.0
9230,1833.0,5.6263,0.0,0.0,0.0,1.0,0.0,352100.0
9232,1574.0,3.6863,0.0,0.0,0.0,1.0,0.0,263800.0
9234,621.0,3.5588,0.0,0.0,0.0,1.0,0.0,268800.0
9236,413.0,3.9917,0.0,0.0,0.0,1.0,0.0,290800.0
9238,45.0,6.1359,0.0,0.0,0.0,1.0,0.0,212500.0
9248,1899.0,4.1659,0.0,0.0,0.0,1.0,0.0,302000.0
9250,3450.0,6.1724,0.0,0.0,0.0,1.0,0.0,414300.0
9252,2466.0,4.1711,0.0,0.0,0.0,1.0,0.0,336900.0
9254,1553.0,4.6905,0.0,0.0,0.0,1.0,0.0,316300.0
9256,1111.0,4.8056,0.0,0.0,0.0,1.0,0.0,345700.0
9258,2177.0,3.5055,0.0,0.0,0.0,1.0,0.0,382100.0
9260,1449.0,9.1834,0.0,0.0,0.0,1.0,0.0,500001.0
9262,653.0,10.6272,0.0,0.0,0.0,1.0,0.0,500001.0
9264,596.0,10.129,0.0,0.0,0.0,1.0,0.0,500001.0
9266,971.0,5.697,0.0,0.0,0.0,1.0,0.0,435700.0
9268,2980.0,3.5838,0.0,0.0,0.0,1.0,0.0,271300.0
9270,887.0,6.6125,0.0,0.0,0.0,1.0,0.0,393200.0
9272,1519.0,4.4081,0.0,0.0,0.0,1.0,0.0,435200.0
9274,600.0,5.9582,0.0,0.0,0.0,1.0,0.0,500001.0
9276,1219.0,5.0779,0.0,0.0,0.0,1.0,0.0,333900.0
9278,163.0,14.5833,0.0,0.0,0.0,1.0,0.0,500001.0
9280,648.0,4.125,0.0,0.0,0.0,1.0,0.0,310300.0
9282,334.0,5.8509,0.0,0.0,0.0,1.0,0.0,317800.0
9284,974.0,5.5926,0.0,0.0,0.0,1.0,0.0,300900.0
9286,203.0,6.641,0.0,0.0,0.0,1.0,0.0,310000.0
9288,812.0,8.8386,0.0,0.0,0.0,1.0,0.0,500001.0
9290,935.0,10.0791,0.0,0.0,0.0,1.0,0.0,500001.0
9292,541.0,6.0238,0.0,0.0,0.0,1.0,0.0,500001.0
9294,1292.0,8.4888,0.0,0.0,0.0,1.0,0.0,500001.0
9296,1233.0,3.4485,0.0,0.0,0.0,1.0,0.0,458300.0
9298,1232.0,3.8839,0.0,0.0,0.0,1.0,0.0,327200.0
9300,1159.0,5.6302,0.0,0.0,0.0,1.0,0.0,489000.0
9302,1818.0,5.5951,0.0,0.0,0.0,1.0,0.0,402900.0
9304,689.0,4.4239,0.0,0.0,0.0,1.0,0.0,267100.0
9306,503.0,7.9606,0.0,0.0,0.0,1.0,0.0,453400.0
9308,755.0,7.1924,0.0,0.0,0.0,1.0,0.0,500001.0
9310,567.0,3.2794,0.0,0.0,0.0,1.0,0.0,460000.0
9312,1775.0,6.7809,0.0,0.0,0.0,1.0,0.0,414400.0
9314,1064.0,4.4583,0.0,0.0,0.0,1.0,0.0,308600.0
9316,1907.0,6.1275,0.0,0.0,0.0,1.0,0.0,424400.0
9318,75.0,5.1292,0.0,0.0,0.0,1.0,0.0,362500.0
9320,881.0,2.9145,0.0,0.0,0.0,1.0,0.0,140400.0
9322,969.0,6.7669,0.0,0.0,0.0,1.0,0.0,500001.0
9324,1177.0,6.2113,0.0,0.0,0.0,1.0,0.0,500001.0
9326,63.0,12.2547,0.0,0.0,0.0,1.0,0.0,500001.0
9788,89.0,1.0096,0.0,0.0,0.0,1.0,0.0,162500.0
9790,524.0,2.7619,0.0,0.0,0.0,1.0,0.0,154600.0
9792,847.0,1.6691,0.0,0.0,0.0,1.0,0.0,183300.0
9794,1670.0,2.4398,0.0,0.0,0.0,1.0,0.0,163100.0
9796,744.0,2.6518,0.0,0.0,0.0,1.0,0.0,156100.0
9798,482.0,6.5799,0.0,0.0,0.0,1.0,0.0,218100.0
9800,245.0,2.0134,0.0,0.0,0.0,1.0,0.0,142500.0
9802,2088.0,3.3021,0.0,0.0,0.0,1.0,0.0,152700.0
9804,766.0,2.6618,0.0,0.0,0.0,1.0,0.0,136200.0
9806,545.0,1.9946,0.0,0.0,0.0,1.0,0.0,206800.0
9808,2293.0,3.4543,0.0,0.0,0.0,1.0,0.0,194500.0
9810,1045.0,2.5035,0.0,0.0,0.0,1.0,0.0,153200.0
9812,2756.0,2.7325,0.0,0.0,0.0,1.0,0.0,162900.0
9814,1635.0,2.2721,0.0,0.0,0.0,1.0,0.0,139800.0
9816,1827.0,4.5293,0.0,0.0,0.0,1.0,0.0,210400.0
9818,2043.0,4.1862,0.0,0.0,0.0,1.0,0.0,183600.0
9820,1235.0,3.7045,0.0,0.0,0.0,1.0,0.0,161500.0
9822,1303.0,5.3017,0.0,0.0,0.0,1.0,0.0,202600.0
9824,1478.0,4.0878,0.0,0.0,0.0,1.0,0.0,164400.0
9826,1439.0,5.0,0.0,0.0,0.0,1.0,0.0,175200.0
9828,1641.0,3.9,0.0,0.0,0.0,1.0,0.0,187300.0
9830,1789.0,3.6039,0.0,0.0,0.0,1.0,0.0,126000.0
9832,1577.0,5.3351,0.0,0.0,0.0,1.0,0.0,269900.0
9834,1021.0,3.0404,0.0,0.0,0.0,1.0,0.0,142100.0
9836,783.0,4.3585,0.0,0.0,0.0,1.0,0.0,194400.0
9838,1476.0,3.7188,0.0,0.0,0.0,1.0,0.0,163400.0
9840,91.0,4.9167,0.0,0.0,0.0,1.0,0.0,187500.0
9842,3864.0,4.7472,0.0,0.0,0.0,1.0,0.0,148600.0
9844,1812.0,2.9375,0.0,0.0,0.0,1.0,0.0,106700.0
9848,1504.0,5.6304,0.0,0.0,0.0,1.0,0.0,243100.0
9860,416.0,3.6389,0.0,0.0,0.0,1.0,0.0,304000.0
9862,780.0,5.815,0.0,0.0,0.0,1.0,0.0,339200.0
9864,823.0,6.1089,0.0,0.0,0.0,1.0,0.0,280800.0
15464,2305.0,1.8981,0.0,0.0,0.0,1.0,0.0,500001.0
15466,838.0,8.0755,0.0,0.0,0.0,1.0,0.0,500001.0
15468,958.0,3.2356,0.0,0.0,0.0,1.0,0.0,500001.0
15470,1335.0,3.1477,0.0,0.0,0.0,1.0,0.0,500001.0
15472,1279.0,5.4378,0.0,0.0,0.0,1.0,0.0,500001.0
15474,1906.0,3.6065,0.0,0.0,0.0,1.0,0.0,433300.0
15476,679.0,4.775,0.0,0.0,0.0,1.0,0.0,500001.0
15478,536.0,7.7852,0.0,0.0,0.0,1.0,0.0,250000.0
15480,1432.0,1.9063,0.0,0.0,0.0,1.0,0.0,300000.0
15482,1016.0,3.3839,0.0,0.0,0.0,1.0,0.0,400000.0
15484,1648.0,0.8836,0.0,0.0,0.0,1.0,0.0,450000.0
15486,1785.0,3.5746,0.0,0.0,0.0,1.0,0.0,350000.0
15488,1156.0,4.3472,0.0,0.0,0.0,1.0,0.0,500001.0
15490,1576.0,2.0987,0.0,0.0,0.0,1.0,0.0,458300.0
15492,2122.0,2.5603,0.0,0.0,0.0,1.0,0.0,287500.0
15494,2112.0,2.1343,0.0,0.0,0.0,1.0,0.0,400000.0
15496,1711.0,3.0296,0.0,0.0,0.0,1.0,0.0,500001.0
15498,904.0,3.5066,0.0,0.0,0.0,1.0,0.0,350000.0
15500,1515.0,1.3668,0.0,0.0,0.0,1.0,0.0,55000.0
15502,1525.0,4.5581,0.0,0.0,0.0,1.0,0.0,500001.0
15504,1688.0,1.5156,0.0,0.0,0.0,1.0,0.0,237500.0
15506,3436.0,2.5166,0.0,0.0,0.0,1.0,0.0,275000.0
15508,4518.0,1.724,0.0,0.0,0.0,1.0,0.0,225000.0
15510,1211.0,0.8543,0.0,0.0,0.0,1.0,0.0,500001.0
15512,540.0,4.2857,0.0,0.0,0.0,1.0,0.0,500001.0
15514,287.0,3.9028,0.0,0.0,0.0,1.0,0.0,500001.0
15516,1045.0,4.5523,0.0,0.0,0.0,1.0,0.0,500001.0
15518,445.0,2.7717,0.0,0.0,0.0,1.0,0.0,500000.0
15520,842.0,7.9761,0.0,0.0,0.0,1.0,0.0,500001.0
15522,727.0,3.9856,0.0,0.0,0.0,1.0,0.0,500001.0
15524,1302.0,4.199,0.0,0.0,0.0,1.0,0.0,400000.0
15526,1045.0,3.6893,0.0,0.0,0.0,1.0,0.0,475000.0
15528,553.0,4.0417,0.0,0.0,0.0,1.0,0.0,500001.0
15530,925.0,5.0365,0.0,0.0,0.0,1.0,0.0,500000.0
15532,954.0,4.5399,0.0,0.0,0.0,1.0,0.0,500001.0
15534,1980.0,4.0156,0.0,0.0,0.0,1.0,0.0,500001.0
15536,1248.0,7.2623,0.0,0.0,0.0,1.0,0.0,500001.0
15538,648.0,5.3124,0.0,0.0,0.0,1.0,0.0,500001.0
15540,722.0,8.0755,0.0,0.0,0.0,1.0,0.0,500001.0
15542,668.0,10.0914,0.0,0.0,0.0,1.0,0.0,500001.0
15544,731.0,1.4804,0.0,0.0,0.0,1.0,0.0,425000.0
15546,304.0,14.2959,0.0,0.0,0.0,1.0,0.0,500001.0
15548,800.0,3.975,0.0,0.0,0.0,1.0,0.0,500001.0
15550,1371.0,6.4209,0.0,0.0,0.0,1.0,0.0,500001.0
15552,1152.0,4.2042,0.0,0.0,0.0,1.0,0.0,500001.0
15554,655.0,3.4423,0.0,0.0,0.0,1.0,0.0,117500.0
15556,1294.0,3.4375,0.0,0.0,0.0,1.0,0.0,500001.0
15558,831.0,4.4464,0.0,0.0,0.0,1.0,0.0,500001.0
15560,614.0,3.6812,0.0,0.0,0.0,1.0,0.0,500000.0
15562,1320.0,3.1576,0.0,0.0,0.0,1.0,0.0,333300.0
15564,1515.0,5.0156,0.0,0.0,0.0,1.0,0.0,500001.0
15566,1245.0,1.3062,0.0,0.0,0.0,1.0,0.0,220000.0
15568,560.0,3.7159,0.0,0.0,0.0,1.0,0.0,494400.0
15570,837.0,5.2806,0.0,0.0,0.0,1.0,0.0,400000.0
15572,1703.0,2.8654,0.0,0.0,0.0,1.0,0.0,280000.0
15574,897.0,4.1319,0.0,0.0,0.0,1.0,0.0,322700.0
15576,2198.0,3.6667,0.0,0.0,0.0,1.0,0.0,418400.0
15578,1277.0,2.9792,0.0,0.0,0.0,1.0,0.0,350000.0
15580,1309.0,2.943,0.0,0.0,0.0,1.0,0.0,341700.0
15582,707.0,3.1607,0.0,0.0,0.0,1.0,0.0,293800.0
15584,577.0,3.6437,0.0,0.0,0.0,1.0,0.0,275000.0
15586,1093.0,1.8438,0.0,0.0,0.0,1.0,0.0,72500.0
15588,1371.0,0.9355,0.0,0.0,0.0,1.0,0.0,112500.0
15590,895.0,2.1516,0.0,0.0,0.0,1.0,0.0,187500.0
15592,1284.0,2.105,0.0,0.0,0.0,1.0,0.0,316700.0
15594,1913.0,2.9567,0.0,0.0,0.0,1.0,0.0,425000.0
15596,1355.0,2.0161,0.0,0.0,0.0,1.0,0.0,364300.0
15598,1526.0,3.3068,0.0,0.0,0.0,1.0,0.0,500001.0
15600,1518.0,3.6186,0.0,0.0,0.0,1.0,0.0,500001.0
15602,1100.0,3.0409,0.0,0.0,0.0,1.0,0.0,500000.0
15604,1712.0,3.3702,0.0,0.0,0.0,1.0,0.0,335700.0
15606,939.0,3.2239,0.0,0.0,0.0,1.0,0.0,488900.0
15608,589.0,2.5186,0.0,0.0,0.0,1.0,0.0,250000.0
15610,654.0,2.6914,0.0,0.0,0.0,1.0,0.0,366700.0
15612,1188.0,2.3887,0.0,0.0,0.0,1.0,0.0,337500.0
15614,1939.0,2.7587,0.0,0.0,0.0,1.0,0.0,354500.0
15616,849.0,5.1788,0.0,0.0,0.0,1.0,0.0,476900.0
15618,833.0,6.8939,0.0,0.0,0.0,1.0,0.0,455900.0
15620,1374.0,4.3667,0.0,0.0,0.0,1.0,0.0,500001.0
15622,621.0,4.6477,0.0,0.0,0.0,1.0,0.0,450000.0
15624,1737.0,4.5052,0.0,0.0,0.0,1.0,0.0,500001.0
15626,1520.0,1.4554,0.0,0.0,0.0,1.0,0.0,375000.0
15628,168.0,3.2292,0.0,0.0,0.0,1.0,0.0,275000.0
15630,313.0,2.5742,0.0,0.0,0.0,1.0,0.0,350000.0
15632,1055.0,1.8519,0.0,0.0,0.0,1.0,0.0,32500.0
15634,725.0,3.6037,0.0,0.0,0.0,1.0,0.0,187500.0
15636,4531.0,2.7909,0.0,0.0,0.0,1.0,0.0,250000.0
15638,1061.0,4.3958,0.0,0.0,0.0,1.0,0.0,225000.0
15640,1136.0,1.375,0.0,0.0,0.0,1.0,0.0,312500.0
15642,1266.0,2.7794,0.0,0.0,0.0,1.0,0.0,350000.0
15644,2259.0,2.5403,0.0,0.0,0.0,1.0,0.0,250000.0
15646,868.0,3.8261,0.0,0.0,0.0,1.0,0.0,250000.0
15648,1145.0,4.2222,0.0,0.0,0.0,1.0,0.0,361600.0
15650,2232.0,4.3232,0.0,0.0,0.0,1.0,0.0,316200.0
15652,945.0,5.2519,0.0,0.0,0.0,1.0,0.0,376600.0
15654,784.0,3.3702,0.0,0.0,0.0,1.0,0.0,370000.0
15656,855.0,5.0731,0.0,0.0,0.0,1.0,0.0,405400.0
15658,751.0,4.75,0.0,0.0,0.0,1.0,0.0,500001.0
15660,1531.0,3.3565,0.0,0.0,0.0,1.0,0.0,386400.0
15662,2129.0,3.5052,0.0,0.0,0.0,1.0,0.0,391200.0
15664,1270.0,2.0329,0.0,0.0,0.0,1.0,0.0,225000.0
15666,1630.0,1.65,0.0,0.0,0.0,1.0,0.0,265000.0
15668,1715.0,2.1289,0.0,0.0,0.0,1.0,0.0,250000.0
15670,639.0,2.1971,0.0,0.0,0.0,1.0,0.0,275000.0
15672,935.0,2.7173,0.0,0.0,0.0,1.0,0.0,300000.0
15674,1460.0,2.9052,0.0,0.0,0.0,1.0,0.0,400000.0
15676,1181.0,3.575,0.0,0.0,0.0,1.0,0.0,396800.0
15678,1012.0,4.0568,0.0,0.0,0.0,1.0,0.0,387900.0
15680,839.0,4.7946,0.0,0.0,0.0,1.0,0.0,355600.0
15682,801.0,4.2708,0.0,0.0,0.0,1.0,0.0,368900.0
15684,573.0,4.2667,0.0,0.0,0.0,1.0,0.0,338800.0
15686,633.0,3.5114,0.0,0.0,0.0,1.0,0.0,347500.0
15688,1191.0,3.95,0.0,0.0,0.0,1.0,0.0,347700.0
15690,1370.0,4.6547,0.0,0.0,0.0,1.0,0.0,325700.0
15692,1079.0,5.0196,0.0,0.0,0.0,1.0,0.0,324300.0
15694,1824.0,5.0519,0.0,0.0,0.0,1.0,0.0,356100.0
15696,2818.0,4.2672,0.0,0.0,0.0,1.0,0.0,391900.0
15698,118.0,4.5375,0.0,0.0,0.0,1.0,0.0,350000.0
15700,1159.0,3.8846,0.0,0.0,0.0,1.0,0.0,333100.0
15702,494.0,5.0602,0.0,0.0,0.0,1.0,0.0,298900.0
15704,124.0,1.4886,0.0,0.0,0.0,1.0,0.0,450000.0
15706,88.0,3.675,0.0,0.0,0.0,1.0,0.0,162500.0
15708,1047.0,4.5057,0.0,0.0,0.0,1.0,0.0,321600.0
15710,3269.0,2.8679,0.0,0.0,0.0,1.0,0.0,243300.0
15712,506.0,4.4375,0.0,0.0,0.0,1.0,0.0,320000.0
15714,620.0,1.9944,0.0,0.0,0.0,1.0,0.0,262500.0
15716,2987.0,2.8135,0.0,0.0,0.0,1.0,0.0,260300.0
15718,316.0,3.0865,0.0,0.0,0.0,1.0,0.0,225000.0
15720,1816.0,3.0774,0.0,0.0,0.0,1.0,0.0,300000.0
15722,1029.0,2.0577,0.0,0.0,0.0,1.0,0.0,214600.0
15724,1483.0,3.4063,0.0,0.0,0.0,1.0,0.0,253900.0
15726,1220.0,2.5809,0.0,0.0,0.0,1.0,0.0,255300.0
15728,1932.0,2.3903,0.0,0.0,0.0,1.0,0.0,236100.0
15730,2147.0,2.5694,0.0,0.0,0.0,1.0,0.0,201000.0
15732,2337.0,3.4472,0.0,0.0,0.0,1.0,0.0,225400.0
15734,2722.0,1.4282,0.0,0.0,0.0,1.0,0.0,140400.0
15736,924.0,2.1767,0.0,0.0,0.0,1.0,0.0,185300.0
15738,871.0,2.1667,0.0,0.0,0.0,1.0,0.0,193800.0
15740,1025.0,2.9063,0.0,0.0,0.0,1.0,0.0,192000.0
15742,1115.0,2.6364,0.0,0.0,0.0,1.0,0.0,199300.0
15744,1923.0,3.6607,0.0,0.0,0.0,1.0,0.0,192300.0
15746,1405.0,3.7813,0.0,0.0,0.0,1.0,0.0,275900.0
15748,839.0,4.7031,0.0,0.0,0.0,1.0,0.0,255200.0
15750,1209.0,3.5912,0.0,0.0,0.0,1.0,0.0,284900.0
15752,415.0,1.9464,0.0,0.0,0.0,1.0,0.0,249000.0
15754,999.0,4.2212,0.0,0.0,0.0,1.0,0.0,271300.0
15756,734.0,3.8864,0.0,0.0,0.0,1.0,0.0,281300.0
15758,1447.0,3.3555,0.0,0.0,0.0,1.0,0.0,275000.0
15760,1178.0,3.2813,0.0,0.0,0.0,1.0,0.0,229600.0
15762,2261.0,2.888,0.0,0.0,0.0,1.0,0.0,246400.0
15764,1438.0,2.3087,0.0,0.0,0.0,1.0,0.0,258600.0
15766,1765.0,3.3333,0.0,0.0,0.0,1.0,0.0,292300.0
15768,1008.0,4.0,0.0,0.0,0.0,1.0,0.0,264000.0
15770,782.0,3.6719,0.0,0.0,0.0,1.0,0.0,259800.0
15772,1485.0,4.3898,0.0,0.0,0.0,1.0,0.0,270000.0
15774,1534.0,4.0132,0.0,0.0,0.0,1.0,0.0,229400.0
15776,988.0,4.5769,0.0,0.0,0.0,1.0,0.0,254500.0
15778,1703.0,3.4231,0.0,0.0,0.0,1.0,0.0,230200.0
15780,1027.0,2.3625,0.0,0.0,0.0,1.0,0.0,233000.0
15782,1168.0,4.0642,0.0,0.0,0.0,1.0,0.0,272500.0
15784,1119.0,4.2672,0.0,0.0,0.0,1.0,0.0,219400.0
15786,1682.0,3.8643,0.0,0.0,0.0,1.0,0.0,276200.0
15788,904.0,4.0583,0.0,0.0,0.0,1.0,0.0,236200.0
15790,1989.0,3.6667,0.0,0.0,0.0,1.0,0.0,252600.0
15792,1583.0,3.7105,0.0,0.0,0.0,1.0,0.0,250500.0
15794,2101.0,3.0107,0.0,0.0,0.0,1.0,0.0,242000.0
15796,1463.0,3.1786,0.0,0.0,0.0,1.0,0.0,222600.0
15798,1773.0,3.9565,0.0,0.0,0.0,1.0,0.0,268500.0
15800,847.0,3.7143,0.0,0.0,0.0,1.0,0.0,260000.0
15806,1633.0,4.5,0.0,0.0,0.0,1.0,0.0,266900.0
15808,879.0,3.1908,0.0,0.0,0.0,1.0,0.0,255600.0
15810,1848.0,3.9567,0.0,0.0,0.0,1.0,0.0,251500.0
15812,1524.0,5.0201,0.0,0.0,0.0,1.0,0.0,264100.0
15814,1434.0,3.0313,0.0,0.0,0.0,1.0,0.0,219100.0
15816,1697.0,3.4773,0.0,0.0,0.0,1.0,0.0,226300.0
15818,1738.0,4.9926,0.0,0.0,0.0,1.0,0.0,213900.0
15820,1528.0,3.8625,0.0,0.0,0.0,1.0,0.0,218300.0
15822,1186.0,3.4531,0.0,0.0,0.0,1.0,0.0,414300.0
15824,948.0,3.93,0.0,0.0,0.0,1.0,0.0,390000.0
15826,363.0,6.1636,0.0,0.0,0.0,1.0,0.0,367700.0
15828,1545.0,2.9899,0.0,0.0,0.0,1.0,0.0,406500.0
15830,1396.0,3.2679,0.0,0.0,0.0,1.0,0.0,345700.0
15832,1055.0,2.8711,0.0,0.0,0.0,1.0,0.0,329600.0
15834,1886.0,3.3239,0.0,0.0,0.0,1.0,0.0,350000.0
15836,911.0,4.4312,0.0,0.0,0.0,1.0,0.0,361000.0
15838,1281.0,5.482,0.0,0.0,0.0,1.0,0.0,366300.0
15840,1179.0,4.4946,0.0,0.0,0.0,1.0,0.0,358600.0
15842,465.0,10.7569,0.0,0.0,0.0,1.0,0.0,500001.0
15844,1293.0,6.1592,0.0,0.0,0.0,1.0,0.0,381700.0
15846,819.0,4.0846,0.0,0.0,0.0,1.0,0.0,333600.0
15848,772.0,4.95,0.0,0.0,0.0,1.0,0.0,322600.0
15850,695.0,6.5372,0.0,0.0,0.0,1.0,0.0,394000.0
15852,707.0,6.2561,0.0,0.0,0.0,1.0,0.0,431000.0
15854,1488.0,5.5622,0.0,0.0,0.0,1.0,0.0,313600.0
15856,856.0,5.3961,0.0,0.0,0.0,1.0,0.0,416900.0
15858,735.0,8.1189,0.0,0.0,0.0,1.0,0.0,500001.0
15860,1605.0,4.9537,0.0,0.0,0.0,1.0,0.0,365600.0
15862,1276.0,8.0069,0.0,0.0,0.0,1.0,0.0,426800.0
15868,812.0,6.8322,0.0,0.0,0.0,1.0,0.0,394100.0
15870,1431.0,5.2088,0.0,0.0,0.0,1.0,0.0,344200.0
15872,752.0,3.2448,0.0,0.0,0.0,1.0,0.0,266200.0
15874,1670.0,4.1932,0.0,0.0,0.0,1.0,0.0,269200.0
15876,771.0,4.7143,0.0,0.0,0.0,1.0,0.0,219300.0
15878,1795.0,3.6581,0.0,0.0,0.0,1.0,0.0,225000.0
15888,613.0,2.9119,0.0,0.0,0.0,1.0,0.0,228900.0
15894,1273.0,3.275,0.0,0.0,0.0,1.0,0.0,332100.0
15896,1171.0,4.0977,0.0,0.0,0.0,1.0,0.0,322100.0
15898,1594.0,4.4094,0.0,0.0,0.0,1.0,0.0,336100.0
15900,1092.0,3.5302,0.0,0.0,0.0,1.0,0.0,329600.0
15902,782.0,4.0391,0.0,0.0,0.0,1.0,0.0,332700.0
15904,795.0,4.3977,0.0,0.0,0.0,1.0,0.0,353600.0
15906,1126.0,4.4,0.0,0.0,0.0,1.0,0.0,318400.0
15910,1285.0,3.7734,0.0,0.0,0.0,1.0,0.0,314700.0
15960,847.0,4.1029,0.0,0.0,0.0,1.0,0.0,500001.0
15962,1421.0,3.0265,0.0,0.0,0.0,1.0,0.0,350000.0
15964,1584.0,3.7887,0.0,0.0,0.0,1.0,0.0,500001.0
15966,1302.0,3.7292,0.0,0.0,0.0,1.0,0.0,416700.0
15968,194.0,2.8125,0.0,0.0,0.0,1.0,0.0,500001.0
15970,1078.0,3.5221,0.0,0.0,0.0,1.0,0.0,443300.0
15972,1674.0,3.129,0.0,0.0,0.0,1.0,0.0,375000.0
15974,1738.0,3.1653,0.0,0.0,0.0,1.0,0.0,335300.0
15976,1783.0,3.6148,0.0,0.0,0.0,1.0,0.0,352200.0
15978,1143.0,6.1407,0.0,0.0,0.0,1.0,0.0,500001.0
15980,2030.0,3.4236,0.0,0.0,0.0,1.0,0.0,376800.0
15982,1400.0,3.2396,0.0,0.0,0.0,1.0,0.0,375000.0
15984,2099.0,3.9375,0.0,0.0,0.0,1.0,0.0,402900.0
15986,1166.0,4.0652,0.0,0.0,0.0,1.0,0.0,421300.0
15988,1448.0,3.1392,0.0,0.0,0.0,1.0,0.0,422400.0
15990,1153.0,4.1856,0.0,0.0,0.0,1.0,0.0,404700.0
15992,1427.0,3.4883,0.0,0.0,0.0,1.0,0.0,337200.0
15994,1202.0,3.8899,0.0,0.0,0.0,1.0,0.0,348500.0
15996,1508.0,3.5865,0.0,0.0,0.0,1.0,0.0,311400.0
15998,1663.0,3.0278,0.0,0.0,0.0,1.0,0.0,356300.0
16000,1070.0,4.125,0.0,0.0,0.0,1.0,0.0,359500.0
16002,1419.0,3.6429,0.0,0.0,0.0,1.0,0.0,328400.0
16004,1049.0,3.5833,0.0,0.0,0.0,1.0,0.0,348500.0
16006,1252.0,5.0562,0.0,0.0,0.0,1.0,0.0,336700.0
16008,1418.0,3.7167,0.0,0.0,0.0,1.0,0.0,332800.0
16010,1201.0,4.0353,0.0,0.0,0.0,1.0,0.0,342200.0
16012,4715.0,3.4051,0.0,0.0,0.0,1.0,0.0,500001.0
16016,355.0,2.7083,0.0,0.0,0.0,1.0,0.0,180400.0
16018,23.0,6.1359,0.0,0.0,0.0,1.0,0.0,225000.0
16020,1183.0,3.3625,0.0,0.0,0.0,1.0,0.0,223700.0
16576,1045.0,4.1146,0.0,0.0,0.0,1.0,0.0,272200.0
16578,1376.0,2.4113,0.0,0.0,0.0,1.0,0.0,214200.0
16580,2249.0,4.6098,0.0,0.0,0.0,1.0,0.0,290400.0
16762,1141.0,3.9696,0.0,0.0,0.0,1.0,0.0,258300.0
16818,846.0,5.3683,0.0,0.0,0.0,1.0,0.0,339400.0
16820,445.0,5.8221,0.0,0.0,0.0,1.0,0.0,289400.0
16822,2516.0,5.0353,0.0,0.0,0.0,1.0,0.0,305800.0
16824,683.0,4.7045,0.0,0.0,0.0,1.0,0.0,500001.0
16826,770.0,7.2477,0.0,0.0,0.0,1.0,0.0,376000.0
16828,2020.0,6.1228,0.0,0.0,0.0,1.0,0.0,375700.0
16830,1810.0,5.6936,0.0,0.0,0.0,1.0,0.0,322200.0
16832,1607.0,9.1415,0.0,0.0,0.0,1.0,0.0,500001.0
16834,990.0,6.035,0.0,0.0,0.0,1.0,0.0,438800.0
16836,905.0,8.9083,0.0,0.0,0.0,1.0,0.0,500001.0
16838,3484.0,6.5948,0.0,0.0,0.0,1.0,0.0,404000.0
16898,1204.0,2.8482,0.0,0.0,0.0,1.0,0.0,247200.0
16900,2437.0,2.2746,0.0,0.0,0.0,1.0,0.0,225000.0
16904,2198.0,6.7413,0.0,0.0,0.0,1.0,0.0,435900.0
16906,1690.0,6.2007,0.0,0.0,0.0,1.0,0.0,311800.0
16908,1639.0,2.7399,0.0,0.0,0.0,1.0,0.0,87500.0
16910,326.0,2.9286,0.0,0.0,0.0,1.0,0.0,237500.0
16912,991.0,1.9844,0.0,0.0,0.0,1.0,0.0,270000.0
16914,610.0,3.4427,0.0,0.0,0.0,1.0,0.0,263500.0
16916,608.0,4.5568,0.0,0.0,0.0,1.0,0.0,286900.0
16918,846.0,4.2083,0.0,0.0,0.0,1.0,0.0,278200.0
16920,1587.0,2.8258,0.0,0.0,0.0,1.0,0.0,232800.0
16948,985.0,9.9025,0.0,0.0,0.0,1.0,0.0,500001.0
16950,1006.0,5.397,0.0,0.0,0.0,1.0,0.0,341700.0
16952,3091.0,2.6506,0.0,0.0,0.0,1.0,0.0,162600.0
16954,13.0,15.0001,0.0,0.0,0.0,1.0,0.0,500001.0
16956,1931.0,3.7917,0.0,0.0,0.0,1.0,0.0,160600.0
16958,1546.0,5.0893,0.0,0.0,0.0,1.0,0.0,173400.0
16960,1133.0,3.7312,0.0,0.0,0.0,1.0,0.0,159600.0
16962,1711.0,3.2642,0.0,0.0,0.0,1.0,0.0,185600.0
16964,2909.0,2.8868,0.0,0.0,0.0,1.0,0.0,156600.0
16966,1331.0,3.0521,0.0,0.0,0.0,1.0,0.0,151500.0
16968,4165.0,2.4375,0.0,0.0,0.0,1.0,0.0,189000.0
16970,794.0,5.6234,0.0,0.0,0.0,1.0,0.0,379600.0
16972,76.0,7.6129,0.0,0.0,0.0,1.0,0.0,412500.0
16974,1044.0,9.459,0.0,0.0,0.0,1.0,0.0,500001.0
16976,766.0,4.4531,0.0,0.0,0.0,1.0,0.0,500001.0
16978,817.0,4.4688,0.0,0.0,0.0,1.0,0.0,460200.0
16998,1173.0,13.2986,0.0,0.0,0.0,1.0,0.0,500001.0
17702,2756.0,2.9817,0.0,0.0,0.0,1.0,0.0,225000.0
18036,7273.0,4.3351,0.0,0.0,0.0,1.0,0.0,267400.0
18038,413.0,3.6875,0.0,0.0,0.0,1.0,0.0,40000.0
18040,837.0,5.6999,0.0,0.0,0.0,1.0,0.0,470000.0
18042,1227.0,4.8625,0.0,0.0,0.0,1.0,0.0,262500.0
18044,373.0,5.9291,0.0,0.0,0.0,1.0,0.0,284600.0
18046,815.0,5.7657,0.0,0.0,0.0,1.0,0.0,322300.0
18048,1639.0,4.1544,0.0,0.0,0.0,1.0,0.0,277000.0
18050,1069.0,4.6875,0.0,0.0,0.0,1.0,0.0,288900.0
18052,3025.0,5.4721,0.0,0.0,0.0,1.0,0.0,343300.0
18054,421.0,4.2463,0.0,0.0,0.0,1.0,0.0,266700.0
18056,662.0,3.5179,0.0,0.0,0.0,1.0,0.0,197200.0
18058,2699.0,3.8003,0.0,0.0,0.0,1.0,0.0,229800.0
18060,2087.0,3.2875,0.0,0.0,0.0,1.0,0.0,182700.0
18062,1374.0,4.3077,0.0,0.0,0.0,1.0,0.0,293500.0
18064,1173.0,4.1875,0.0,0.0,0.0,1.0,0.0,266400.0
18066,367.0,3.1736,0.0,0.0,0.0,1.0,0.0,181300.0
18068,1029.0,3.7318,0.0,0.0,0.0,1.0,0.0,327700.0
18070,2645.0,3.6742,0.0,0.0,0.0,1.0,0.0,275000.0
18072,543.0,3.2083,0.0,0.0,0.0,1.0,0.0,334300.0
18074,589.0,5.0131,0.0,0.0,0.0,1.0,0.0,330300.0
18076,1023.0,4.5833,0.0,0.0,0.0,1.0,0.0,342400.0
18078,794.0,5.0871,0.0,0.0,0.0,1.0,0.0,354500.0
18080,475.0,5.5385,0.0,0.0,0.0,1.0,0.0,359000.0
18082,1055.0,6.1995,0.0,0.0,0.0,1.0,0.0,407200.0
18084,448.0,5.0086,0.0,0.0,0.0,1.0,0.0,366700.0
18086,348.0,6.828,0.0,0.0,0.0,1.0,0.0,383900.0
18088,776.0,5.2971,0.0,0.0,0.0,1.0,0.0,442100.0
18090,1657.0,4.8021,0.0,0.0,0.0,1.0,0.0,457500.0
18096,805.0,5.0222,0.0,0.0,0.0,1.0,0.0,500001.0
18098,728.0,8.2266,0.0,0.0,0.0,1.0,0.0,500001.0
18104,548.0,7.7068,0.0,0.0,0.0,1.0,0.0,500001.0
18108,832.0,10.3591,0.0,0.0,0.0,1.0,0.0,500001.0
18110,945.0,8.3924,0.0,0.0,0.0,1.0,0.0,500001.0
18112,520.0,10.3329,0.0,0.0,0.0,1.0,0.0,500001.0
18114,1329.0,5.0804,0.0,0.0,0.0,1.0,0.0,500001.0
18116,555.0,8.9021,0.0,0.0,0.0,1.0,0.0,500001.0
18118,655.0,6.3967,0.0,0.0,0.0,1.0,0.0,500001.0
18120,921.0,7.0245,0.0,0.0,0.0,1.0,0.0,500001.0
18122,504.0,8.4709,0.0,0.0,0.0,1.0,0.0,500001.0
18124,2687.0,5.1335,0.0,0.0,0.0,1.0,0.0,461200.0
18126,949.0,6.4588,0.0,0.0,0.0,1.0,0.0,437100.0
18128,2251.0,3.5364,0.0,0.0,0.0,1.0,0.0,314100.0
18130,1405.0,7.3023,0.0,0.0,0.0,1.0,0.0,451300.0
18132,1267.0,6.4949,0.0,0.0,0.0,1.0,0.0,417800.0
18134,659.0,6.0884,0.0,0.0,0.0,1.0,0.0,432900.0
18136,1165.0,5.1524,0.0,0.0,0.0,1.0,0.0,373100.0
18138,1799.0,4.7375,0.0,0.0,0.0,1.0,0.0,431900.0
18140,1435.0,5.485,0.0,0.0,0.0,1.0,0.0,406300.0
18142,748.0,4.875,0.0,0.0,0.0,1.0,0.0,373400.0
18144,1411.0,5.316,0.0,0.0,0.0,1.0,0.0,398100.0
18146,510.0,7.9029,0.0,0.0,0.0,1.0,0.0,500001.0
18148,1088.0,9.1508,0.0,0.0,0.0,1.0,0.0,500001.0
18150,353.0,10.3942,0.0,0.0,0.0,1.0,0.0,500001.0
18152,683.0,10.9508,0.0,0.0,0.0,1.0,0.0,500001.0
18154,734.0,6.767,0.0,0.0,0.0,1.0,0.0,500001.0
18156,219.0,6.1575,0.0,0.0,0.0,1.0,0.0,500001.0
18158,1363.0,4.5987,0.0,0.0,0.0,1.0,0.0,356000.0
18160,774.0,7.2543,0.0,0.0,0.0,1.0,0.0,500001.0
18162,708.0,6.1655,0.0,0.0,0.0,1.0,0.0,500001.0
18164,696.0,8.2664,0.0,0.0,0.0,1.0,0.0,500001.0
18166,551.0,6.5829,0.0,0.0,0.0,1.0,0.0,500001.0
18168,1779.0,3.9243,0.0,0.0,0.0,1.0,0.0,404800.0
18176,549.0,10.7355,0.0,0.0,0.0,1.0,0.0,500001.0
18178,742.0,11.806,0.0,0.0,0.0,1.0,0.0,500001.0
18180,498.0,9.3586,0.0,0.0,0.0,1.0,0.0,500001.0
18182,791.0,7.5794,0.0,0.0,0.0,1.0,0.0,500001.0
18184,3840.0,12.1387,0.0,0.0,0.0,1.0,0.0,500001.0
18682,4361.0,4.9504,0.0,0.0,0.0,1.0,0.0,214800.0
18684,1189.0,3.0962,0.0,0.0,0.0,1.0,0.0,124600.0
18686,968.0,3.1848,0.0,0.0,0.0,1.0,0.0,112700.0
18688,1275.0,2.9469,0.0,0.0,0.0,1.0,0.0,111600.0
18690,1353.0,3.4559,0.0,0.0,0.0,1.0,0.0,111900.0
18692,2083.0,3.8667,0.0,0.0,0.0,1.0,0.0,127000.0
18694,2920.0,3.436,0.0,0.0,0.0,1.0,0.0,94800.0
18696,652.0,2.2417,0.0,0.0,0.0,1.0,0.0,87900.0
18698,2957.0,2.6098,0.0,0.0,0.0,1.0,0.0,162500.0
18700,1794.0,1.1835,0.0,0.0,0.0,1.0,0.0,133300.0
18702,824.0,2.75,0.0,0.0,0.0,1.0,0.0,109900.0
18704,817.0,2.1411,0.0,0.0,0.0,1.0,0.0,97200.0
18706,849.0,2.9432,0.0,0.0,0.0,1.0,0.0,103500.0
18708,889.0,2.3241,0.0,0.0,0.0,1.0,0.0,99200.0
18710,1006.0,4.2308,0.0,0.0,0.0,1.0,0.0,145800.0
18712,772.0,4.775,0.0,0.0,0.0,1.0,0.0,148200.0
18714,1325.0,4.0938,0.0,0.0,0.0,1.0,0.0,126900.0
18716,578.0,4.0114,0.0,0.0,0.0,1.0,0.0,166900.0
18718,1131.0,2.6133,0.0,0.0,0.0,1.0,0.0,103100.0
18720,505.0,1.9667,0.0,0.0,0.0,1.0,0.0,93800.0
18722,1238.0,2.6708,0.0,0.0,0.0,1.0,0.0,109700.0
18724,2109.0,2.6937,0.0,0.0,0.0,1.0,0.0,111800.0
18726,2388.0,4.0515,0.0,0.0,0.0,1.0,0.0,121900.0
18728,2830.0,4.5053,0.0,0.0,0.0,1.0,0.0,123700.0
18730,1375.0,1.6368,0.0,0.0,0.0,1.0,0.0,91200.0
18732,4163.0,4.4529,0.0,0.0,0.0,1.0,0.0,144100.0
18734,753.0,1.756,0.0,0.0,0.0,1.0,0.0,86400.0
18736,1083.0,2.6466,0.0,0.0,0.0,1.0,0.0,168500.0
18738,926.0,4.6776,0.0,0.0,0.0,1.0,0.0,208300.0
18740,2089.0,5.3288,0.0,0.0,0.0,1.0,0.0,201800.0
18742,2876.0,4.5321,0.0,0.0,0.0,1.0,0.0,190300.0
18744,1381.0,5.3661,0.0,0.0,0.0,1.0,0.0,195800.0
18746,4620.0,4.4821,0.0,0.0,0.0,1.0,0.0,210000.0
18748,1756.0,3.2891,0.0,0.0,0.0,1.0,0.0,150600.0
18750,318.0,2.3929,0.0,0.0,0.0,1.0,0.0,122500.0
18752,703.0,6.5891,0.0,0.0,0.0,1.0,0.0,328800.0
18754,812.0,7.2589,0.0,0.0,0.0,1.0,0.0,320400.0
18756,2228.0,5.2523,0.0,0.0,0.0,1.0,0.0,161300.0
18758,3193.0,5.3102,0.0,0.0,0.0,1.0,0.0,195000.0
18878,781.0,3.5647,0.0,0.0,0.0,1.0,0.0,251800.0
18884,686.0,3.5982,0.0,0.0,0.0,1.0,0.0,271700.0
18886,1277.0,2.5658,0.0,0.0,0.0,1.0,0.0,208000.0
18894,1657.0,3.5625,0.0,0.0,0.0,1.0,0.0,213200.0
